$\epsilon=0.12$,$\epsilon=0.17$,$\epsilon=0.22$,$\epsilon=0.27$,$\epsilon=0.32$,$\epsilon=0.37$,$\epsilon=0.42$,$\epsilon=0.47$
1.0,1.0,1.0,1.0,0.7727500000000002,0.6433500000000001,0.5733999999999999,0.5584
