$\epsilon=0.12$,$\epsilon=0.17$,$\epsilon=0.22$,$\epsilon=0.27$,$\epsilon=0.32$,$\epsilon=0.37$,$\epsilon=0.42$,$\epsilon=0.47$
1.0,1.0,1.0,0.7327499999999999,0.575,0.5549999999999999,0.5483,0.54285
